{"cameraMode":{"drawMode":0,"name":"Shaded","section":"Shading Mode"},"sceneLighting":true,"audioPlay":false,"sceneViewState":{"showFog":true,"showMaterialUpdate":false,"showSkybox":true,"showFlares":true,"showImageEffects":true,"showParticleSystems":true},"in2DMode":false,"pivot":{"x":114.28977966308594,"y":-38.44524002075195,"z":141.27041625976563},"rotation":{"x":-0.39122799038887026,"y":-0.17219221591949464,"z":0.07443000376224518,"w":-0.9012355804443359},"size":137.9476318359375,"orthographic":false}